250207123217,-0.919,12.257,4.29
250207123217,-0.306,11.644,1.839
250207123217,2.451,7.048,4.903
250207123217,3.524,5.975,6.742
250207123217,3.524,4.443,7.814
250207123217,2.911,2.145,8.427
250207123217,3.83,-2.911,9.499
250207123217,3.677,-3.371,7.967
250207123217,3.371,-3.064,8.58
250207123217,3.524,-3.064,9.653
250207123217,3.524,0.306,8.58
250207123217,2.451,5.822,6.282
250207123218,3.83,8.12,2.758
250207123218,3.677,13.023,4.75
250207123218,2.451,6.895,6.435
250207123218,3.984,-2.298,6.742
250207123218,7.508,-5.975,4.137
250207123218,5.363,-7.354,4.443
250207123218,5.056,-2.298,6.435
250207123218,4.29,3.064,8.733
250207123218,4.29,4.443,9.04
250207123218,4.75,3.677,6.435
250207123218,5.363,0.613,9.04
250207123218,6.435,1.839,10.419
250207123218,7.201,-1.992,7.048
250207123218,6.282,0.306,5.669
250207123218,6.282,2.758,6.282
250207123218,7.354,1.379,6.282
250207123218,6.282,1.685,5.363
250207123218,5.363,2.911,5.516
250207123218,5.516,5.209,6.588
250207123218,7.201,7.508,8.427
250207123218,4.29,7.048,2.605
250207123218,15.322,9.346,-2.145
250207123218,7.661,7.967,0.613
250207123218,2.451,3.524,-2.911
250207123219,3.218,2.451,3.83
250207123219,7.354,1.992,7.201
250207123219,9.499,2.451,6.588
250207123219,16.854,1.992,1.226
250207123219,19.458,3.677,-1.532
250207123219,9.499,7.354,-10.265
250207123219,11.185,5.056,-8.887
250207123219,4.443,3.984,3.218
250207123219,1.532,1.839,0.46
250207123219,12.87,2.911,-0.306
250207123219,14.556,4.443,-4.443
250207123219,17.007,3.677,-0.919
250207123219,16.547,1.379,-0.46
250207123219,10.878,0.919,-0.46
250207123219,7.814,4.443,-4.29
250207123219,11.951,3.984,-5.056
250207123219,15.322,3.83,-5.516
250207123219,15.015,4.903,-7.814
250207123219,14.556,1.379,-3.218
250207123219,3.83,0.153,-3.677
250207123219,3.524,-0.613,-5.822
250207123219,10.878,1.532,-2.605
250207123219,14.402,5.363,-4.596
250207123219,12.257,2.605,-3.371
250207123219,18.079,-0.766,-1.685
250207123220,15.475,2.605,-2.298
250207123220,8.12,3.064,-2.758
250207123220,10.878,1.532,-3.83
250207123220,16.241,2.298,-6.895
250207123220,17.926,3.677,-9.806
250207123220,18.386,3.371,-14.249
250207123220,8.887,-0.919,-5.209
250207123220,2.758,-3.371,-5.516
250207123220,5.209,-2.298,-7.661
250207123220,12.87,0.46,-6.742
250207123220,12.564,3.83,-3.984
250207123220,14.402,5.516,-6.282
250207123220,11.185,6.742,-5.363
250207123220,5.822,-1.685,-7.201
250207123220,11.338,-3.984,-2.758
250207123220,18.233,-0.919,-3.984
250207123220,13.943,0.153,-7.814
250207123220,12.564,1.226,-12.87
250207123220,16.547,-0.613,-14.709
250207123220,13.177,-4.75,-7.048
250207123220,5.209,-4.443,-6.588
250207123220,4.29,-3.83,-7.354
250207123220,5.822,0.153,-10.112
250207123220,9.806,1.226,-5.669
250207123220,11.185,0.46,-9.346
250207123221,12.41,4.137,-9.346
250207123221,9.959,5.516,-4.596
250207123221,6.588,-1.992,-11.032
250207123221,13.636,-3.984,-5.669
250207123221,13.943,-0.46,-1.226
250207123221,14.556,1.685,-8.274
250207123221,16.701,1.992,-10.878
250207123221,15.475,-1.992,-10.878
250207123221,11.951,-6.588,-9.959
250207123221,5.975,-5.669,-8.887
250207123221,5.822,-2.911,-10.419
250207123221,3.984,0.0,-7.814
250207123221,3.524,0.306,-5.209
250207123221,7.814,-0.919,-11.644
250207123221,7.048,0.306,-12.87
250207123221,9.346,2.298,-7.814
250207123221,9.653,-3.064,-9.959
250207123221,11.338,-3.984,-6.588
250207123221,12.87,-0.613,-2.451
250207123221,11.491,1.685,-6.435
250207123221,13.33,1.226,-9.04
250207123221,14.249,0.0,-10.419
250207123221,13.789,-3.218,-10.725
250207123221,8.12,-3.524,-10.419
250207123221,5.975,-3.524,-6.588
250207123222,6.588,-2.758,-8.274
250207123222,4.137,-1.992,-5.209
250207123222,1.992,-1.073,-7.508
250207123222,10.112,-1.379,-8.887
250207123222,9.499,0.153,-12.87
250207123222,8.427,3.677,-10.112
250207123222,10.725,-0.919,-8.887
250207123222,11.798,-4.443,-8.427
250207123222,12.564,-0.766,-2.145
250207123222,12.41,1.992,-5.209
250207123222,12.257,2.145,-7.661
250207123222,18.079,1.992,-10.265
250207123222,17.16,-0.919,-9.346
250207123222,8.427,-3.83,-8.733
250207123222,1.073,-1.685,-5.056
250207123222,-0.613,4.596,-10.265
250207123222,2.451,5.822,-6.895
250207123222,3.984,5.209,-5.669
250207123222,5.516,2.451,-5.669
250207123222,8.887,2.911,-4.443
250207123222,8.887,3.677,-2.451
250207123222,11.032,0.306,-2.451
250207123222,8.887,-1.685,-1.379
250207123222,12.104,-1.685,-1.379
250207123222,12.257,3.064,-4.137
250207123223,1.379,1.685,-16.854
250207123223,12.564,1.073,0.766
250207123223,4.29,-15.628,-5.822
250207123223,13.023,2.758,-0.46
250207123223,8.58,-3.524,4.137
250207123223,5.209,0.0,-0.46
250207123223,13.636,-1.839,3.83
250207123223,9.499,-7.508,3.677
250207123223,7.661,1.379,1.992
250207123223,11.338,0.306,1.839
250207123223,10.112,-3.524,2.298
250207123223,7.814,2.451,0.613
250207123223,7.354,3.83,1.532
250207123223,7.661,3.524,1.839
250207123223,13.943,-4.29,8.427
250207123223,7.661,1.226,3.984
250207123223,6.129,0.0,4.137
250207123223,-0.46,-0.919,7.814
250207123223,-0.919,-2.145,13.943
250207123223,0.306,8.887,8.274
250207123223,0.0,0.46,7.354
250207123223,-3.83,3.371,10.725
250207123223,-2.605,7.201,5.669
250207123223,-3.677,6.435,8.733
250207123223,-2.911,1.532,8.887
250207123224,-4.137,2.298,9.193
250207123224,-3.984,3.524,6.435
250207123224,-4.596,-7.814,4.137
250207123224,-5.975,0.0,8.887
250207123224,-3.83,0.919,9.959
250207123224,-3.371,-1.685,9.806
250207123224,-2.451,-11.338,6.742
250207123224,-0.306,-9.193,7.201
250207123224,3.677,-5.669,10.112
250207123224,3.064,-3.064,5.363
250207123224,-4.443,-3.064,3.371
250207123224,4.903,-3.524,0.46
250207123224,15.781,5.822,18.846
250207123224,5.516,2.145,6.588
250207123224,0.766,-7.354,-6.895
250207123224,17.926,-8.274,4.443
250207123224,10.725,5.363,13.789
250207123224,9.346,7.354,3.524
250207123224,6.282,-3.83,3.83
250207123224,7.201,-4.903,3.218
250207123224,9.04,-1.073,0.919
250207123224,10.878,-4.29,-1.685
250207123224,16.394,-7.661,0.766
250207123224,2.911,1.992,10.419
250207123225,4.903,7.814,-3.064
250207123225,9.653,3.677,4.903
250207123225,6.588,-1.226,3.064
250207123225,12.87,-3.524,-1.685
250207123225,12.717,-4.29,-4.29
250207123225,15.781,-6.742,-3.524
250207123225,12.104,-4.137,3.218
250207123225,2.145,3.064,-0.46
250207123225,2.605,8.12,-2.605
250207123225,3.677,8.733,1.532
250207123225,16.088,3.677,0.766
250207123225,14.096,0.46,3.524
250207123225,7.048,-6.282,-4.443
250207123225,6.282,-3.677,-1.839
250207123225,11.798,-3.677,-3.218
250207123225,18.999,-5.363,-3.371
250207123225,13.943,-2.911,7.508
250207123225,5.363,3.218,-4.903
250207123225,1.992,8.12,-5.822
250207123225,8.887,8.887,-3.83
250207123225,18.539,3.83,4.596
250207123225,8.887,2.758,0.766
250207123225,4.903,-5.516,-5.056
250207123225,5.056,-6.129,-2.145
250207123225,8.12,-2.758,-2.911
250207123225,14.709,-3.984,-6.129
250207123226,16.701,-7.048,2.605
250207123226,12.104,-3.677,0.766
250207123226,11.798,0.766,-7.048
250207123226,5.056,7.661,-6.129
250207123226,7.201,8.733,-6.435
250207123226,14.402,9.653,-8.274
250207123226,13.636,5.669,4.137
250207123226,5.975,-1.073,-9.499
250207123226,6.129,-6.588,-5.516
250207123226,5.975,-4.443,-0.46
250207123226,8.58,-0.919,-3.677
250207123226,16.854,-3.064,-8.733
250207123226,18.692,-10.112,-7.508
250207123226,15.934,-5.209,7.661
250207123226,8.733,-2.145,-4.137
250207123226,5.516,1.532,-7.814
250207123226,5.363,7.508,-5.975
250207123226,11.951,10.112,-10.419
250207123226,13.177,11.032,-6.588
250207123226,11.798,3.984,-2.605
250207123226,5.516,-1.532,-11.338
250207123226,6.588,-8.12,-6.435
250207123226,3.218,-4.29,-2.758
250207123226,7.661,-0.766,-5.669
250207123227,9.653,-3.371,-10.419
250207123227,19.458,-7.201,-4.596
250207123227,15.475,-6.282,4.137
250207123227,7.201,-2.145,-4.443
250207123227,11.032,3.83,-11.798
250207123227,10.419,7.508,-7.354
250207123227,12.87,7.201,-6.435
250207123227,13.483,11.491,-7.048
250207123227,12.104,6.282,0.919
250207123227,1.839,0.919,-10.725
250207123227,3.524,-5.056,-7.508
250207123227,0.46,-6.282,-2.298
250207123227,8.12,-1.379,-13.023
250207123227,13.33,-5.056,-15.475
250207123227,19.458,-3.524,7.814
250207123227,16.547,-2.911,-3.064
250207123227,6.282,1.379,-7.508
250207123227,2.145,4.443,-6.895
250207123227,3.064,5.822,-7.661
250207123227,14.862,6.588,-6.282
250207123227,6.742,9.959,-0.919
250207123227,11.032,1.532,-5.363
250207123227,7.354,-0.919,-8.12
250207123227,6.435,-4.903,-7.048
250207123227,9.04,-4.137,-5.363
250207123227,16.701,-3.371,-13.483
250207123228,18.999,-5.975,-1.073
250207123228,16.241,-2.758,3.218
250207123228,4.903,-0.306,-8.733
250207123228,5.209,3.524,-10.112
250207123228,7.201,5.209,-6.435
250207123228,8.733,4.75,-9.959
250207123228,11.185,9.806,-12.564
250207123228,13.33,2.145,1.992
250207123228,5.516,-1.532,-16.241
250207123228,6.435,-4.75,-5.669
250207123228,1.839,-3.984,-1.685
250207123228,5.975,-2.451,-11.644
250207123228,15.322,-5.209,-16.241
250207123228,19.458,-4.903,6.588
250207123228,13.789,-2.298,-0.613
250207123228,6.588,-0.613,-9.193
250207123228,3.677,4.137,-7.354
250207123228,6.282,5.516,-7.354
250207123228,11.338,6.282,-10.419
250207123228,9.959,7.354,-2.451
250207123228,9.499,0.919,-6.282
250207123228,9.806,-3.218,-10.112
250207123228,6.129,-5.363,-2.758
250207123228,4.75,-3.371,-6.282
250207123229,9.806,-1.839,-9.346
250207123229,19.458,-5.209,-9.04
250207123229,18.846,-5.516,7.048
250207123229,12.564,-3.524,-2.298
250207123229,5.669,0.0,-8.274
250207123229,3.83,4.443,-9.499
250207123229,8.12,7.354,-9.653
250207123229,12.41,9.346,-10.572
250207123229,10.725,3.371,-3.218
250207123229,9.499,-2.145,-16.701
250207123229,7.661,-6.895,-5.516
250207123229,3.83,-5.209,-4.596
250207123229,8.427,-2.298,-8.58
250207123229,14.862,-5.516,-10.112
250207123229,19.458,-1.839,8.274
250207123229,13.177,-0.766,-5.056
250207123229,5.669,0.766,-7.508
250207123229,3.064,5.209,-6.129
250207123229,9.346,8.427,-9.653
250207123229,9.653,10.419,-7.661
250207123229,11.032,1.839,-6.895
250207123229,10.725,-3.524,-14.709
250207123229,8.733,-7.048,-4.443
250207123229,6.742,-3.83,-4.75
250207123229,13.636,-1.685,-7.967
250207123229,14.709,-5.669,-7.661
250207123230,19.458,-5.363,4.596
250207123230,12.87,-2.911,-1.992
250207123230,5.209,1.379,-7.814
250207123230,7.201,6.282,-10.572
250207123230,17.926,10.572,-10.419
250207123230,9.653,12.717,-7.508
250207123230,8.427,2.605,-8.427
250207123230,4.75,-6.282,-13.789
250207123230,5.822,-9.806,-5.056
250207123230,-0.46,-2.758,-1.073
250207123230,1.532,-0.153,-6.282
250207123230,11.032,-2.911,-13.636
250207123230,19.458,-9.806,-9.806
250207123230,15.628,-1.992,10.419
250207123230,11.951,-1.992,-4.75
250207123230,7.967,0.46,-10.572
250207123230,13.943,8.12,-12.717
250207123230,15.934,10.112,0.766
250207123230,11.798,5.669,-0.766
250207123230,5.822,1.992,-10.878
250207123230,4.75,-3.984,-9.346
250207123230,2.298,-6.742,-7.201
250207123230,7.508,-4.596,-10.112
250207123230,14.249,-5.209,-10.265
250207123230,19.458,-2.451,3.83
250207123231,12.717,-0.919,-5.056
250207123231,3.984,1.685,-7.814
250207123231,1.073,4.596,-8.887
250207123231,7.048,6.129,-13.483
250207123231,6.435,7.201,-11.338
250207123231,13.943,0.0,-8.12
250207123231,12.717,-1.992,-12.717
250207123231,9.193,-4.443,-4.596
250207123231,9.346,-0.766,-9.653
250207123231,13.636,-7.354,-14.096
250207123231,15.475,-7.661,-2.298
250207123231,19.458,-2.451,-2.605
250207123231,12.104,-0.153,-6.895
250207123231,6.282,4.29,-8.274
250207123231,6.588,7.661,-12.104
250207123231,9.806,10.572,-13.023
250207123231,6.895,4.29,-6.435
250207123231,11.951,-0.919,-16.241
250207123231,15.322,-4.903,-8.58
250207123231,7.661,-3.83,-5.669
250207123231,7.661,-5.822,-13.33
250207123231,19.458,-5.669,-6.588
250207123231,19.458,-1.992,-1.226
250207123231,11.798,0.306,-6.435
250207123231,4.29,3.371,-8.58
250207123232,5.209,5.056,-9.193
250207123232,5.209,4.903,-9.653
250207123232,7.201,5.056,-9.959
250207123232,11.644,4.903,-2.451
250207123232,12.257,-1.073,-12.87
250207123232,9.959,-3.984,-8.274
250207123232,6.588,0.0,-10.419
250207123232,17.007,-6.895,-15.781
250207123232,11.032,-7.967,-4.137
250207123232,19.458,-1.992,0.766
250207123232,13.789,0.46,-11.644
250207123232,6.129,4.75,-13.023
250207123232,11.644,6.742,-9.499
250207123232,11.185,7.661,-7.354
250207123232,7.508,5.669,-3.064
250207123232,9.499,0.766,-12.41
250207123232,14.402,-2.911,-11.491
250207123232,10.725,-5.056,-16.088
250207123232,19.458,-8.12,-17.007
250207123232,19.458,-1.839,9.653
250207123232,19.458,-1.685,-7.201
250207123232,8.427,0.153,-10.419
250207123232,4.903,6.588,-11.338
250207123232,8.58,7.661,-8.733
250207123232,5.516,3.83,-9.653
250207123233,9.499,3.677,-3.677
250207123233,16.701,0.766,-11.491
250207123233,14.249,-1.839,-11.185
250207123233,19.458,-4.137,-19.612
250207123233,17.926,-13.483,-18.233
250207123233,19.458,0.46,10.112
250207123233,19.458,-1.839,-8.733
250207123233,10.265,1.839,-11.338
250207123233,7.048,9.193,-13.943
250207123233,11.491,8.12,-8.58
250207123233,10.725,4.596,-3.524
250207123233,12.104,1.226,-9.499
250207123233,10.725,-1.532,-8.427
250207123233,9.959,-2.758,-13.943
250207123233,19.458,-6.588,-19.458
250207123233,19.458,-4.596,9.499
250207123233,19.458,-3.218,-5.669
250207123233,8.427,-1.532,-8.58
250207123233,0.766,3.83,-9.193
250207123233,5.209,5.056,-12.717
250207123233,7.201,3.218,-8.887
250207123233,8.733,5.363,-1.226
250207123233,10.725,2.758,-8.274
250207123233,16.547,0.153,-11.798
250207123233,19.458,-2.605,-17.16
250207123233,19.458,-9.04,-15.015
250207123234,19.458,-9.04,4.443
250207123234,19.458,-2.911,-7.508
250207123234,11.491,1.532,-13.177
250207123234,7.661,8.12,-16.854
250207123234,10.878,7.354,-8.887
250207123234,10.265,1.685,-9.193
250207123234,13.177,1.685,-4.596
250207123234,12.257,-0.919,-9.806
250207123234,6.895,-1.226,-9.346
250207123234,12.257,-4.903,-19.612
250207123234,18.692,-7.967,-11.798
250207123234,19.458,-1.532,5.822
250207123234,11.644,-2.451,-8.887
250207123234,1.073,1.992,-9.806
250207123234,1.379,2.911,-10.572
250207123234,8.58,1.379,-10.572
250207123234,6.895,3.83,-8.274
250207123234,10.265,5.975,-3.83
250207123234,15.015,1.992,-12.257
250207123234,19.458,-0.46,-15.168
250207123234,19.458,-5.516,-19.612
250207123234,19.458,-14.402,-0.46
250207123234,15.781,-6.588,0.613
250207123234,11.032,-0.919,-16.701
250207123234,9.653,5.209,-16.241
250207123235,11.032,7.661,-14.709
250207123235,12.87,2.758,-10.112
250207123235,10.419,1.685,-2.145
250207123235,11.491,-0.153,-10.419
250207123235,6.742,-0.613,-5.822
250207123235,7.661,-4.75,-15.475
250207123235,14.249,-4.137,-15.475
250207123235,19.458,-3.677,2.758
250207123235,19.458,-3.524,-5.363
250207123235,4.903,-0.766,-6.282
250207123235,-0.153,3.83,-10.112
250207123235,3.371,4.443,-9.193
250207123235,7.201,1.992,-13.789
250207123235,5.822,0.153,-13.023
250207123235,10.725,3.218,0.613
250207123235,12.717,-0.46,-12.41
250207123235,14.402,-0.613,-8.733
250207123235,19.458,-0.46,-12.87
250207123235,19.458,-5.975,-10.878
250207123235,17.62,-9.193,3.371
250207123235,17.926,-3.064,-6.435
250207123235,13.789,2.298,-12.41
250207123235,7.508,8.427,-12.717
250207123235,14.862,6.742,-11.798
250207123235,13.33,2.911,-5.669
250207123236,10.725,2.911,-1.532
250207123236,10.572,0.919,-7.967
250207123236,6.588,-1.532,-0.153
250207123236,16.547,-3.83,-19.612
250207123236,17.16,-7.201,-13.177
250207123236,19.458,-3.218,5.516
250207123236,11.951,-2.911,-7.508
250207123236,1.226,1.532,-7.201
250207123236,-2.145,4.903,-8.887
250207123236,1.992,4.903,-10.572
250207123236,4.75,0.919,-16.394
250207123236,7.508,0.0,-6.895
250207123236,14.556,-0.46,-0.46
250207123236,12.257,-0.613,-8.12
250207123236,15.781,0.613,-6.588
250207123236,19.458,-1.073,-9.04
250207123236,19.458,-4.75,-6.588
250207123236,14.709,-6.435,0.613
250207123236,13.33,-1.073,-6.282
250207123236,13.33,4.137,-13.023
250207123236,10.725,8.733,-13.483
250207123236,16.088,5.209,-11.798
250207123236,15.628,3.524,-5.363
250207123236,10.572,2.145,-2.145
250207123236,6.435,0.613,-7.661
250207123237,7.661,-2.911,-10.265
250207123237,13.483,-3.371,-19.612
250207123237,19.458,-7.201,-9.499
250207123237,19.458,-2.605,3.064
250207123237,9.653,-2.758,-7.354
250207123237,0.306,2.145,-7.201
250207123237,0.153,4.137,-8.274
250207123237,7.814,1.226,-14.709
250207123237,6.588,-1.532,-13.33
250207123237,10.419,5.363,0.153
250207123237,10.419,1.073,-10.112
250207123237,18.386,0.919,-12.257
250207123237,19.458,-0.46,-12.564
250207123237,19.458,-5.056,-12.717
250207123237,14.249,-8.733,1.685
250207123237,15.628,-2.911,-2.758
250207123237,15.628,2.145,-12.717
250207123237,11.338,7.967,-15.168
250207123237,18.386,8.58,-16.701
250207123237,12.564,2.298,-7.814
250207123237,9.346,0.0,-2.298
250207123237,7.201,1.073,-6.895
250207123237,4.596,-4.903,-5.363
250207123237,7.661,-1.839,-19.305
250207123237,17.313,-5.056,-19.458
250207123238,19.458,0.766,8.887
250207123238,13.943,1.379,-10.265
250207123238,4.443,1.226,-7.508
250207123238,-2.145,2.758,-5.363
250207123238,11.644,-4.29,-16.394
250207123238,6.895,-6.282,-7.661
250207123238,12.104,3.677,-5.363
250207123238,7.661,6.435,-1.992
250207123238,14.556,4.137,-6.742
250207123238,19.458,2.298,-14.249
250207123238,19.458,-1.992,-19.612
250207123238,19.458,-8.274,-1.839
250207123238,3.83,-7.967,2.911
250207123238,8.58,-2.145,-4.443
250207123238,7.508,2.451,-9.346
250207123238,10.265,6.282,-19.152
250207123238,12.87,11.491,-15.781
250207123238,12.87,0.919,2.451
250207123238,5.056,1.226,-9.346
250207123238,1.073,0.0,-6.282
250207123238,-5.056,-2.911,-5.209
250207123238,8.733,-1.992,-18.079
250207123238,14.096,-4.596,-10.112
250207123238,16.394,0.46,11.491
250207123238,11.032,-4.137,-6.282
250207123239,1.685,-1.839,-4.596
250207123239,-1.226,1.685,-11.491
250207123239,5.975,4.137,-19.612
250207123239,7.508,0.613,-4.137
250207123239,3.218,1.685,3.371
250207123239,0.766,-1.073,-10.112
250207123239,19.458,-1.073,-8.58
250207123239,19.458,-4.29,-14.862
250207123239,18.539,-9.806,2.605
250207123239,8.12,-7.354,-0.613
250207123239,7.354,-2.145,-9.959
250207123239,8.887,1.532,-12.41
250207123239,7.201,7.814,-19.612
250207123239,12.87,10.725,-10.572
250207123239,15.015,0.766,-8.58
250207123239,-1.226,1.532,-9.653
250207123239,-4.903,-1.532,-5.822
250207123239,-4.903,-1.073,-6.282
250207123239,15.628,-0.613,-17.16
250207123239,12.87,-3.677,-6.742
250207123239,12.564,-2.758,-13.636
250207123239,8.12,3.064,-12.104
250207123239,5.209,7.661,-7.048
250207123239,4.903,7.048,-7.201
250207123239,12.717,3.371,-7.048
250207123239,12.257,2.145,-9.653
250207123240,7.661,0.153,-7.201
250207123240,11.644,-1.685,-7.048
250207123240,13.023,-2.145,-5.822
250207123240,10.725,-3.064,-6.588
250207123240,5.822,-3.83,-3.371
250207123240,10.265,-3.83,-5.516
250207123240,16.547,0.766,-11.032
250207123240,19.458,8.887,-14.249
250207123240,18.386,7.967,0.613
250207123240,8.887,2.758,-4.29
250207123240,-0.613,0.0,-8.274
250207123240,1.685,-1.992,-6.742
250207123240,9.346,1.226,-5.822
250207123240,11.032,-1.379,-11.798
250207123240,9.346,-4.596,-8.887
250207123240,12.41,-3.83,-7.967
250207123240,15.015,5.056,-15.628
250207123240,19.458,8.274,-11.951
250207123240,4.443,12.41,-0.306
250207123240,3.984,-5.209,-12.104
250207123240,6.129,-1.073,-6.282
250207123240,9.806,-1.379,-4.29
250207123240,9.193,-0.919,-9.346
250207123240,6.895,-2.758,-9.04
250207123241,9.959,-5.056,-4.29
250207123241,17.62,2.451,-12.87
250207123241,18.386,8.427,-12.41
250207123241,17.16,6.282,-3.984
250207123241,10.878,-3.371,-4.29
250207123241,5.363,-2.911,-5.975
250207123241,5.056,-2.451,-5.056
250207123241,6.129,0.613,-4.903
250207123241,10.725,-0.919,-7.814
250207123241,10.572,-4.137,-5.516
250207123241,11.338,0.613,-6.742
250207123241,3.984,4.903,-9.806
250207123241,9.806,4.137,-6.435
250207123241,13.33,3.371,-3.83
250207123241,11.644,1.992,-3.677
250207123241,10.572,0.306,-5.363
250207123241,6.895,-2.911,-2.758
250207123241,3.218,-3.218,-2.605
250207123241,9.499,-0.766,-7.201
250207123241,11.951,-1.226,-3.371
250207123241,9.04,-0.306,1.532
250207123241,6.435,1.839,-3.524
250207123241,9.193,1.226,-2.758
250207123241,10.265,-0.306,-1.839
250207123241,10.725,-0.306,-1.685
250207123241,10.419,0.613,-1.839
250207123242,9.806,-0.306,-2.451
250207123242,9.806,-0.613,-2.451
250207123242,10.112,-0.306,-1.992
250207123242,8.733,-0.613,-2.605
250207123242,9.346,-0.766,-2.451
250207123242,9.806,-0.153,-2.451
250207123242,9.193,0.153,-2.145
250207123242,9.653,0.0,-1.839
250207123242,9.499,0.46,-1.992
250207123242,9.806,-0.153,-1.992
250207123242,9.959,-0.613,-1.839
250207123242,9.806,-0.153,-1.839
250207123242,9.193,-0.153,-2.145
250207123242,9.653,-0.613,-2.145
250207123242,9.499,-0.306,-1.992
250207123242,9.499,0.153,-2.298
250207123242,9.346,-0.306,-2.145
250207123242,9.193,-0.46,-2.145
250207123242,9.346,-0.153,-1.839
250207123242,9.346,0.306,-2.298
250207123242,10.419,-0.153,-1.992
250207123242,9.653,-0.919,-1.839
250207123242,9.04,0.153,-2.145
250207123243,9.499,0.613,-2.298
250207123243,9.499,-0.766,-1.839
250207123243,9.193,-0.306,-1.992
250207123243,9.346,0.613,-2.145
250207123243,9.499,-0.306,-1.992
250207123243,9.806,-0.46,-1.839
250207123243,9.346,-0.153,-2.145
250207123243,10.265,0.0,-1.992
250207123243,9.04,0.46,-1.992
250207123243,9.653,0.0,-1.992
250207123243,9.346,-0.613,-1.685
250207123243,9.653,0.0,-1.992
250207123243,9.346,-0.153,-1.992
250207123243,9.653,-0.46,-1.992
250207123243,9.653,-0.153,-2.145
250207123243,9.346,-0.153,-1.992
250207123243,9.653,-0.153,-1.992
250207123243,9.346,0.0,-2.145
250207123243,9.806,-0.153,-1.992
250207123243,9.653,0.0,-2.145
250207123243,9.346,-0.306,-1.992
250207123243,9.499,0.0,-2.145
250207123243,9.653,-0.306,-1.839
250207123244,9.346,-0.306,-2.145
250207123244,9.499,0.0,-2.145
250207123244,9.499,0.0,-2.145
250207123244,9.193,-0.153,-2.145
250207123244,9.653,0.0,-2.298
250207123244,9.959,0.0,-2.145
250207123244,9.346,0.0,-2.145
250207123244,9.653,-0.153,-2.145
250207123244,9.499,-0.46,-2.145
250207123244,9.193,0.0,-1.992
250207123244,9.346,0.0,-1.992
250207123244,9.04,-0.153,-1.839
250207123244,9.499,0.46,-1.992
250207123244,9.499,0.0,-1.992
250207123244,9.346,-0.306,-2.145
250207123244,9.499,-0.153,-1.992
250207123244,9.653,-0.153,-1.992
250207123244,9.193,-0.153,-1.839
250207123244,9.193,-0.153,-1.992
250207123244,9.653,-0.306,-1.992
250207123244,9.653,-0.153,-1.839
250207123244,9.193,0.153,-1.992
250207123244,9.346,0.153,-2.145
250207123244,9.346,-0.306,-1.992
250207123245,9.499,0.306,-1.992
250207123245,9.193,0.153,-1.992
250207123245,9.806,-0.153,-1.992
250207123245,9.653,-0.306,-1.992
250207123245,9.806,0.0,-2.145
250207123245,9.806,-0.613,-1.992
250207123245,9.959,-0.919,-1.992
250207123245,9.806,-1.073,-1.532
250207123245,9.193,-0.306,-1.685
250207123245,9.499,0.46,-1.685
250207123245,10.265,-1.532,-1.839
250207123245,11.644,-2.298,-1.685
250207123245,11.338,-2.451,-1.532
250207123245,9.193,-0.613,-0.919
250207123245,7.967,1.992,-1.532
250207123245,7.967,2.911,-1.532
250207123245,7.814,1.379,-0.766
250207123245,10.112,-2.605,1.226
250207123245,8.427,2.451,-1.532
250207123245,12.104,-9.959,3.524
250207123245,10.725,-5.822,2.451
250207123245,10.419,-1.685,1.992
250207123245,10.112,-2.451,3.064
250207123245,9.346,-4.443,2.758
250207123246,6.588,-1.532,3.677
250207123246,6.129,-1.073,4.443
250207123246,6.742,-2.145,6.588
250207123246,5.056,4.137,9.193
250207123246,4.29,2.451,7.201
250207123246,3.984,3.371,7.661
250207123246,3.371,4.596,7.967
250207123246,3.064,4.903,7.967
250207123246,2.911,4.596,9.04
250207123246,0.766,7.508,6.129
250207123246,1.073,4.137,9.193
250207123246,1.839,4.29,8.887
250207123246,1.685,5.209,8.274
250207123246,1.379,7.661,9.193
250207123246,1.073,4.443,8.427
250207123246,0.613,5.516,10.572
250207123246,1.226,5.363,8.274
250207123246,1.379,5.975,8.427
250207123246,3.064,6.129,10.265
250207123246,2.451,5.209,7.967
250207123246,0.919,5.669,8.12
250207123246,1.532,6.435,8.427
250207123246,0.613,5.516,7.508
250207123246,0.153,5.975,8.12
250207123247,0.613,6.588,7.661
250207123247,0.0,6.282,6.895
250207123247,-0.306,5.669,7.048
250207123247,0.153,6.435,7.048
250207123247,0.46,7.508,5.975
250207123247,0.46,6.895,6.129
250207123247,0.306,6.742,5.975
250207123247,0.153,8.274,6.129
250207123247,1.073,9.193,5.975
250207123247,0.0,7.661,6.435
250207123247,0.306,7.048,6.282
250207123247,0.766,6.588,5.516
250207123247,0.613,5.822,6.588
250207123247,0.613,3.371,5.975
250207123247,0.613,5.669,6.895
250207123247,0.919,8.274,9.346
250207123247,0.613,6.895,8.274
250207123247,0.46,7.201,7.201
250207123247,0.0,9.499,8.12
250207123247,-0.46,6.895,7.661
250207123247,-2.758,6.129,10.878
250207123247,-1.992,9.346,6.895
250207123247,-0.153,4.29,-0.46
250207123248,2.145,7.048,-4.29
250207123248,2.451,8.12,1.532
250207123248,1.226,12.257,5.363
250207123248,1.532,6.129,0.766
250207123248,2.605,12.717,3.984
250207123248,2.758,15.781,5.822
250207123248,1.685,9.346,2.145
250207123248,-0.919,11.338,5.209
250207123248,-0.306,13.33,4.596
250207123248,-0.919,6.742,1.685
250207123248,-3.677,5.363,5.669
250207123248,-1.839,10.112,5.209
250207123248,0.306,10.112,-0.919
250207123248,-0.306,7.354,-1.073
250207123248,-1.532,10.265,2.758
250207123248,0.153,7.354,0.46
250207123248,-1.073,8.427,1.073
250207123248,0.0,9.346,2.911
250207123248,1.532,10.419,3.677
250207123248,1.379,6.588,4.137
250207123248,-1.532,9.346,2.298
250207123248,0.919,7.814,1.532
250207123248,-2.605,10.112,5.669
250207123248,-0.919,10.725,5.822
250207123249,0.153,8.58,2.298
250207123249,-1.226,8.427,3.984
250207123249,-0.46,8.12,4.75
250207123249,0.766,9.193,3.524
250207123249,-1.685,8.274,7.508
250207123249,-0.919,9.04,9.346
250207123249,0.0,9.499,7.508
250207123249,-2.298,4.596,6.435
250207123249,-3.064,1.073,7.967
250207123249,-1.992,4.29,9.193
250207123249,-1.532,3.677,10.265
250207123249,0.0,3.83,9.04
250207123249,0.153,2.451,7.508
250207123249,-0.153,3.677,9.193
250207123249,-2.145,2.758,10.265
250207123249,-3.984,1.839,9.04
250207123249,-2.298,1.226,7.354
250207123249,-3.524,2.758,10.112
250207123249,-4.137,1.839,10.725
250207123249,-1.992,3.984,8.12
250207123249,-2.605,4.443,7.814
250207123249,-1.379,6.282,6.129
250207123249,-1.992,8.58,7.354
250207123250,-1.532,6.895,5.516
250207123250,-0.306,7.048,5.363
250207123250,-0.306,7.967,4.137
250207123250,-1.226,6.282,5.363
250207123250,-0.766,7.508,4.443
250207123250,-0.613,7.201,9.806
250207123250,-1.226,6.435,7.508
250207123250,-1.532,5.975,8.12
250207123250,0.46,6.742,8.887
250207123250,0.46,5.975,7.967
250207123250,0.0,6.895,6.588
250207123250,-0.613,6.588,6.282
250207123250,-0.306,5.209,6.435
250207123250,-2.758,5.516,3.83
250207123250,-4.29,15.781,-2.605
250207123250,-2.298,9.193,0.153
250207123250,-1.226,9.959,0.613
250207123250,-1.992,10.572,1.073
250207123250,-1.839,9.04,1.992
250207123250,-1.073,11.032,-0.46
250207123250,-1.073,8.887,1.073
250207123250,-1.839,7.814,2.145
250207123250,-0.46,9.806,1.226
250207123250,-0.766,10.265,0.46
250207123251,-1.226,12.104,0.153
250207123251,-1.379,9.806,1.532
250207123251,-1.226,9.806,0.0
250207123251,-1.226,10.112,1.685
250207123251,-1.073,9.193,0.306
250207123251,-0.766,9.959,-0.153
250207123251,-0.306,9.806,0.46
250207123251,-0.306,9.653,0.306
250207123251,-0.46,9.806,0.306
250207123251,-0.46,9.806,0.306
250207123251,-0.613,9.653,0.306
250207123251,-0.46,9.806,0.306
250207123251,-0.306,9.806,0.306
250207123251,-0.306,9.806,0.46
250207123251,-0.306,9.653,0.613
250207123251,-0.306,9.653,0.613
250207123251,-0.46,9.806,0.46
250207123251,-0.306,9.806,0.306
250207123251,-0.46,9.959,0.306
250207123251,-0.306,9.499,0.613
250207123251,-0.306,9.653,0.613
250207123251,-0.306,9.653,0.46
250207123251,-0.613,9.653,0.306
250207123251,-0.613,9.653,0.306
250207123252,-0.766,9.653,0.613
250207123252,-0.766,9.653,0.613
250207123252,-0.613,9.806,0.46
250207123252,-0.46,9.806,0.306
250207123252,-0.306,9.653,0.46
250207123252,-0.46,9.653,0.46
250207123252,-0.46,9.806,0.306
250207123252,-0.46,9.806,0.46
250207123252,-0.46,9.653,0.46
250207123252,-0.46,9.653,0.613
250207123252,-0.613,9.806,0.766
250207123252,-0.613,9.806,0.46
250207123252,-0.613,9.653,0.46
250207123252,-0.766,9.806,0.46
250207123252,-0.766,9.653,0.46
250207123252,-0.613,9.653,0.46
250207123252,-0.613,9.806,0.613
250207123252,-0.613,9.653,0.613
250207123252,-0.613,9.653,0.46
250207123252,-0.46,9.806,0.46
250207123252,-0.46,9.653,0.46
250207123252,-0.613,9.653,0.613
250207123252,-0.46,9.653,0.46
250207123253,-0.766,9.653,0.46
250207123253,-0.766,9.806,0.613
250207123253,-0.766,9.653,0.613
250207123253,-0.766,9.653,0.46
250207123253,-0.46,9.653,0.46
250207123253,-0.46,9.653,0.46
250207123253,-0.46,9.806,0.46
250207123253,-0.46,9.653,0.46
250207123253,-0.46,9.653,0.46
250207123253,-0.613,9.806,0.46
250207123253,-0.613,9.653,0.46
250207123253,-0.766,9.806,0.613
250207123253,-0.766,9.806,0.46
250207123253,-0.613,9.653,0.46
250207123253,-0.613,9.653,0.46
250207123253,-0.46,9.653,0.613
250207123253,-0.306,9.806,0.46
250207123253,-0.46,9.806,0.306
250207123253,-0.613,9.806,0.46
250207123253,-0.613,9.653,0.613
250207123253,-0.766,9.653,0.306
250207123253,-0.613,9.806,0.613
250207123253,-0.613,9.806,0.613
250207123254,-0.46,9.806,0.46
250207123254,-0.613,9.806,0.46
250207123254,-0.46,9.653,0.46
250207123254,-0.766,9.806,0.613
250207123254,-0.613,9.653,0.153
250207123254,-0.613,9.806,0.306
250207123254,-0.46,9.653,0.46
250207123254,-0.46,9.806,0.613
250207123254,-0.46,9.653,0.46
250207123254,-0.613,9.806,0.306
250207123254,-0.46,9.653,0.46
250207123254,-0.766,9.653,0.46
250207123254,-0.766,9.653,0.46
250207123254,-0.613,9.806,0.46
250207123254,-0.613,9.806,0.46
250207123254,-0.613,9.806,0.46
250207123254,-0.613,9.653,0.46
250207123254,-0.46,9.806,0.46
250207123254,-0.46,9.806,0.46
250207123254,-0.46,9.653,0.46
250207123254,-0.613,9.653,0.46
250207123254,-0.613,9.806,0.46
250207123254,-0.46,9.653,0.306
250207123254,-0.613,9.653,0.306
250207123255,-0.613,9.653,0.46
250207123255,-0.613,9.806,0.46
250207123255,-0.613,9.806,0.46
250207123255,-0.613,9.653,0.46
250207123255,-0.46,9.806,0.306
250207123255,-0.46,9.653,0.46
250207123255,-0.613,9.806,0.46
250207123255,-0.46,9.653,0.46
250207123255,-0.613,9.806,0.306
250207123255,-0.766,9.653,0.46
250207123255,-0.613,9.806,0.46
250207123255,-0.613,9.499,0.613
250207123255,-0.613,9.653,0.46
250207123255,-0.613,9.806,0.306
250207123255,-0.613,9.653,0.46
250207123255,-0.46,9.653,0.46
250207123255,-0.46,9.653,0.46
250207123255,-0.46,9.806,0.306
250207123255,-0.766,9.806,0.306
250207123255,-0.766,9.806,0.46
250207123255,-0.766,9.653,0.46
250207123255,-0.46,9.806,0.46
250207123255,-0.613,9.653,0.46
250207123256,-0.46,9.653,0.46
250207123256,-0.46,9.806,0.46
250207123256,-0.46,9.653,0.306
250207123256,-0.613,9.806,0.306
250207123256,-0.613,9.653,0.46
250207123256,-0.766,9.806,0.46
250207123256,-0.613,9.806,0.46
250207123256,-0.613,9.653,0.306
250207123256,-0.613,9.806,0.46
250207123256,-0.613,9.806,0.46
250207123256,-0.46,9.806,0.46
250207123256,-0.613,9.806,0.46
250207123256,-0.46,9.653,0.46
250207123256,-0.613,9.806,0.613
250207123256,-0.46,9.653,0.46
250207123256,-0.613,9.653,0.46
250207123256,-0.46,9.806,0.46
250207123256,-0.613,9.653,0.46
250207123256,-0.766,9.806,0.46
250207123256,-0.46,9.806,0.46
250207123256,-0.46,9.806,0.46
250207123256,-0.613,9.499,0.46
250207123256,-0.613,9.806,0.306
250207123257,-0.613,9.806,0.306
250207123257,-0.613,9.653,0.46
250207123257,-0.613,9.653,0.306
250207123257,-0.46,9.806,0.46
250207123257,-0.46,9.806,0.46
250207123257,-0.306,9.499,0.46
250207123257,-0.613,9.653,0.613
250207123257,-0.766,9.806,0.306
250207123257,-0.613,9.806,0.306
250207123257,-0.613,9.806,0.306
250207123257,-0.46,9.499,0.46
250207123257,-0.46,9.653,0.46
250207123257,-0.613,9.806,0.306
250207123257,-0.46,9.806,0.46
250207123257,-0.766,9.653,0.46
250207123257,-0.613,9.653,0.46
250207123257,-0.613,9.806,0.46
250207123257,-0.46,9.653,0.613
250207123257,-0.613,9.806,0.46
250207123257,-0.613,9.653,0.46
250207123257,-0.46,9.653,0.46
250207123257,-0.613,9.806,0.306
250207123257,-0.613,9.806,0.46
250207123257,-0.46,9.653,0.306
250207123258,-0.613,9.806,0.306
250207123258,-0.46,9.653,0.613
250207123258,-0.46,9.653,0.46
250207123258,-0.46,9.959,0.46
250207123258,-0.613,9.653,0.613
250207123258,-0.46,9.499,0.46
250207123258,-0.613,9.806,0.306
250207123258,-0.613,9.806,0.306
250207123258,-0.46,9.806,0.46
250207123258,-0.46,9.806,0.613
250207123258,-0.46,9.806,0.46
250207123258,-0.46,9.653,0.46
250207123258,-0.306,9.806,0.46
250207123258,-0.46,9.653,0.46
250207123258,-0.613,9.806,0.46
250207123258,-0.613,9.806,0.46
250207123258,-0.766,9.806,0.306
250207123258,-0.46,9.653,0.46
250207123258,-0.46,9.806,0.306
250207123258,-0.613,9.806,0.46
250207123258,-0.46,9.806,0.46
250207123258,-0.613,9.653,0.46
250207123258,-0.613,9.653,0.46
250207123259,-0.613,9.499,0.46
250207123259,-0.613,9.806,0.46
250207123259,-0.46,9.653,0.46
250207123259,-0.613,9.806,0.46
250207123259,-0.613,9.653,0.46
250207123259,-0.766,9.653,0.46
250207123259,-0.613,9.653,0.613
250207123259,-0.613,9.653,0.46
250207123259,-0.766,9.806,0.46
250207123259,-0.46,9.806,0.306
250207123259,-0.46,9.806,0.306
250207123259,-0.613,9.806,0.613
250207123259,-0.613,9.806,0.46
250207123259,-0.613,9.806,0.46
250207123259,-0.613,9.653,0.46
250207123259,-0.46,9.806,0.46
250207123259,-0.46,9.499,0.46
250207123259,-0.613,9.959,0.46
250207123259,-0.613,9.806,0.46
250207123259,-0.766,9.499,0.46
250207123259,-0.613,9.806,0.306
250207123259,-0.613,9.806,0.306
250207123259,-0.613,9.806,0.306
250207123300,-0.613,9.653,0.613
250207123300,-0.613,9.806,0.46
250207123300,-0.613,9.806,0.306
250207123300,-0.46,9.653,0.306
250207123300,-0.613,9.806,0.46
250207123300,-0.613,9.806,0.46
250207123300,-0.46,9.653,0.613
250207123300,-0.613,9.499,0.46
250207123300,-0.46,9.806,0.613
250207123300,-0.46,9.653,0.46
250207123300,-0.766,9.806,0.46
250207123300,-0.613,9.653,0.46
250207123300,-0.613,9.653,0.46
250207123300,-0.46,9.806,0.46
250207123300,-0.46,9.653,0.306
250207123300,-0.46,9.806,0.306
250207123300,-0.46,9.653,0.46
250207123300,-0.46,9.653,0.46
250207123300,-0.613,9.806,0.46
250207123300,-0.613,9.806,0.46
250207123300,-0.46,9.806,0.306
250207123300,-0.613,9.806,0.306
250207123300,-0.46,9.499,0.46
250207123301,-0.613,9.653,0.46
250207123301,-0.46,9.806,0.46
250207123301,-0.46,9.806,0.46
250207123301,-0.613,9.806,0.306
250207123301,-0.613,9.806,0.46
250207123301,-0.613,9.653,0.46
250207123301,-0.613,9.806,0.46
250207123301,-0.613,9.806,0.46
250207123301,-0.46,9.806,0.46
250207123301,-0.613,9.653,0.46
250207123301,-0.46,9.653,0.46
250207123301,-0.306,9.806,0.46
250207123301,-0.613,9.806,0.46
250207123301,-0.46,9.653,0.46
250207123301,-0.613,9.806,0.46
250207123301,-0.613,9.653,0.46
250207123301,-0.613,9.499,0.306
250207123301,-0.766,9.653,0.46
250207123301,-0.613,9.653,0.46
250207123301,-0.613,9.653,0.46
250207123301,-0.46,9.499,0.46
250207123301,-0.613,9.959,0.46
250207123301,-0.46,9.653,0.306
250207123301,-0.46,9.653,0.613
250207123302,-0.613,9.806,0.46
250207123302,-0.46,9.806,0.46
250207123302,-0.613,9.653,0.46
250207123302,-0.766,9.653,0.306
250207123302,-0.613,9.806,0.46
250207123302,-0.613,9.653,0.46
250207123302,-0.613,9.653,0.613
250207123302,-0.306,9.653,0.46
250207123302,-0.46,9.653,0.306
250207123302,-0.613,9.806,0.306
250207123302,-0.613,9.806,0.306
250207123302,-0.46,9.499,0.306
250207123302,-0.613,9.959,0.46
250207123302,-0.613,9.806,0.46
250207123302,-0.613,9.806,0.306
250207123302,-0.613,9.806,0.306
250207123302,-0.613,9.806,0.306
250207123302,-0.613,9.806,0.306
250207123302,-0.306,9.653,0.306
250207123302,-0.46,9.653,0.46
250207123302,-0.613,9.806,0.306
250207123302,-0.46,9.653,0.46
250207123302,-0.306,9.653,0.46
250207123303,-0.46,9.806,0.46
250207123303,-0.46,9.653,0.306
250207123303,-0.613,9.806,0.306
250207123303,-0.613,9.806,0.306
250207123303,-0.46,9.959,0.306
250207123303,-0.46,9.806,0.46
250207123303,-0.46,9.653,0.46
250207123303,-0.153,9.806,0.153
250207123303,-0.46,9.806,0.306
250207123303,-0.306,9.653,0.46
250207123303,-0.306,9.653,0.46
250207123303,-0.46,9.806,0.306
250207123303,-0.46,9.806,0.306
250207123303,-0.306,9.806,0.306
250207123303,-0.46,9.806,0.46
250207123303,-0.613,9.806,0.306
250207123303,-0.46,9.806,0.306
250207123303,-0.46,9.653,0.46
250207123303,-0.46,9.653,0.306
250207123303,-0.46,9.806,0.46
250207123303,-0.306,9.653,0.306
250207123303,-0.46,9.806,0.46
250207123303,-0.306,9.806,0.46
250207123304,-0.306,9.653,0.46
250207123304,-0.46,9.653,0.306
250207123304,-0.46,9.499,0.46
250207123304,-0.46,9.806,0.46
250207123304,-0.46,9.806,0.153
250207123304,-0.46,9.653,0.46
250207123304,-0.46,9.653,0.46
250207123304,-0.306,9.653,0.306
250207123304,-0.306,9.806,0.306
250207123304,-0.46,9.806,0.46
250207123304,-0.46,9.806,0.153
250207123304,-0.46,9.806,0.46
250207123304,-0.46,9.653,0.46
250207123304,-0.46,9.806,0.46
250207123304,-0.613,9.653,0.306
250207123304,-0.613,9.653,0.46
250207123304,-0.46,9.806,0.306
250207123304,-0.46,9.653,0.46
250207123304,-0.306,9.653,0.306
250207123304,-0.306,9.653,0.306
250207123304,-0.306,9.806,0.46
250207123304,-0.46,9.806,0.153
250207123304,-0.613,9.806,0.306
250207123304,-0.46,9.806,0.306
250207123305,-0.46,9.653,0.306
250207123305,-0.613,9.653,0.46
250207123305,-0.46,9.806,0.46
250207123305,-0.306,9.653,0.46
250207123305,-0.306,9.806,0.46
250207123305,-0.306,9.806,0.306
250207123305,-0.46,9.653,0.613
250207123305,-0.306,9.653,0.46
250207123305,-0.613,9.653,0.306
250207123305,-0.46,9.806,0.306
250207123305,-0.46,9.653,0.46
250207123305,-0.613,9.653,0.46
250207123305,-0.46,9.806,0.46
250207123305,-0.306,9.806,0.306
250207123305,-0.306,9.806,0.46
250207123305,-0.46,9.806,0.306
250207123305,-0.46,9.653,0.46
250207123305,-0.46,9.653,0.46
250207123305,-0.46,9.653,0.46
250207123305,-0.46,9.653,0.46
250207123305,-0.46,9.806,0.153
250207123305,-0.306,9.806,0.46
250207123305,-0.306,9.806,0.46
250207123306,-0.306,9.653,0.46
250207123306,-0.46,9.806,0.306
250207123306,-0.306,9.806,0.306
250207123306,-0.306,9.653,0.46
250207123306,-0.613,9.806,0.153
250207123306,-0.306,9.806,0.306
250207123306,-0.306,9.806,0.46
250207123306,-0.46,9.653,0.46
250207123306,-0.613,9.806,0.306
250207123306,-0.46,9.653,0.306
250207123306,-0.46,9.653,0.306
250207123306,-0.46,9.806,0.46
250207123306,-0.46,9.653,0.46
250207123306,-0.306,9.806,0.306
250207123306,-0.46,9.653,0.46
250207123306,-0.306,9.653,0.46
250207123306,-0.46,9.806,0.46
250207123306,-0.46,9.653,0.46
250207123306,-0.46,9.959,0.306
250207123306,-0.613,9.806,0.306
250207123306,-0.46,9.653,0.46
250207123306,-0.306,9.959,0.306
250207123306,-0.46,9.806,0.306
250207123307,-0.46,9.653,0.46
250207123307,-0.306,9.653,0.46
250207123307,-0.613,9.653,0.46
250207123307,-0.613,9.653,0.46
250207123307,-0.46,9.806,0.46
250207123307,-0.46,9.806,0.46
250207123307,-0.46,9.653,0.306
250207123307,-0.306,9.806,0.306
250207123307,-0.306,9.806,0.306
250207123307,-0.46,9.806,0.306
250207123307,-0.46,9.806,0.306
250207123307,-0.46,9.499,0.306
250207123307,-0.306,9.653,0.306
250207123307,-0.46,9.653,0.306
250207123307,-0.46,9.806,0.46
250207123307,-0.613,9.806,0.46
250207123307,-0.306,9.806,0.46
250207123307,-0.46,9.653,0.306
250207123307,-0.46,9.653,0.46
250207123307,-0.46,9.653,0.46
250207123307,-0.306,9.653,0.306
250207123307,-0.306,9.806,0.46
250207123307,-0.46,9.806,0.306
250207123307,-0.46,9.806,0.306
250207123308,-0.306,9.653,0.46
250207123308,-0.46,9.653,0.306
250207123308,-0.46,9.653,0.46
250207123308,-0.46,9.653,0.306
250207123308,-0.46,9.806,0.306
250207123308,-0.46,9.653,0.306
250207123308,-0.46,9.653,0.306
250207123308,-0.46,9.653,0.46
250207123308,-0.306,9.653,0.46
250207123308,-0.46,9.806,0.46
250207123308,-0.46,9.653,0.306
250207123308,-0.46,9.653,0.46
250207123308,-0.46,9.653,0.46
250207123308,-0.46,9.806,0.46
250207123308,-0.46,9.653,0.46
250207123308,-0.306,9.653,0.46
250207123308,-0.46,9.806,0.306
250207123308,-0.46,9.806,0.306
250207123308,-0.46,9.806,0.306
250207123308,-0.46,9.806,0.46
250207123308,-0.46,9.653,0.46
250207123308,-0.306,9.806,0.46
250207123308,-0.46,9.806,0.46
250207123309,-0.46,9.806,0.46
250207123309,-0.46,9.806,0.306
250207123309,-0.46,9.653,0.46
250207123309,-0.46,9.806,0.46
250207123309,-0.46,9.653,0.306
250207123309,-0.46,9.653,0.46
250207123309,-0.46,9.806,0.306
250207123309,-0.306,9.653,0.46
250207123309,-0.306,9.653,0.46
250207123309,-0.46,9.806,0.46
250207123309,-0.46,9.806,0.306
250207123309,-0.46,9.653,0.46
250207123309,-0.46,9.806,0.153
250207123309,-0.46,9.653,0.46
250207123309,-0.306,9.806,0.306
250207123309,-0.46,9.806,0.46
250207123309,-0.46,9.653,0.46
250207123309,-0.306,9.653,0.306
250207123309,-0.306,9.806,0.46
250207123309,-0.306,9.806,0.46
250207123309,-0.306,9.653,0.306
250207123309,-0.46,9.806,0.306
250207123309,-0.46,9.806,0.306
250207123310,-0.46,9.653,0.306
250207123310,-0.46,9.653,0.46
250207123310,-0.46,9.653,0.306
250207123310,-0.306,9.806,0.306
250207123310,-0.306,9.806,0.46
250207123310,-0.306,9.806,0.46
250207123310,-0.46,9.806,0.46
250207123310,-0.46,9.806,0.306
250207123310,-0.613,9.653,0.306
250207123310,-0.46,9.806,0.46
250207123310,-0.46,9.653,0.306
250207123310,-0.306,9.806,0.306
250207123310,-0.46,9.653,0.46
250207123310,-0.306,9.806,0.46
250207123310,-0.306,9.653,0.46
250207123310,-0.46,9.806,0.46
250207123310,-0.613,9.653,0.46
250207123310,-0.46,9.653,0.46
250207123310,-0.46,9.499,0.46
250207123310,-0.46,9.806,0.306
250207123310,-0.613,9.653,0.46
250207123310,-0.306,9.806,0.306
250207123310,-0.46,9.806,0.306
250207123310,-0.46,9.806,0.46
250207123311,-0.306,9.653,0.46
250207123311,-0.46,9.806,0.46
250207123311,-0.46,9.653,0.306
250207123311,-0.46,9.653,0.46
250207123311,-0.46,9.806,0.306
250207123311,-0.306,9.806,0.306
250207123311,-0.46,9.653,0.46
250207123311,-0.46,9.653,0.306
250207123311,-0.613,9.806,0.46
250207123311,-0.46,9.653,0.306
250207123311,-0.306,9.653,0.306
250207123311,-0.46,9.653,0.306
250207123311,-0.46,9.806,0.306
250207123311,-0.306,9.653,0.306
250207123311,-0.613,9.653,0.306
250207123311,-0.46,9.806,0.306
250207123311,-0.46,9.806,0.306
250207123311,-0.46,9.806,0.306
250207123311,-0.306,9.653,0.46
250207123311,-0.46,9.806,0.46
250207123311,-0.46,9.806,0.306
250207123311,-0.46,9.653,0.46
250207123311,-0.46,9.653,0.306
250207123312,-0.46,9.806,0.46
250207123312,-0.306,9.806,0.153
250207123312,-0.306,9.653,0.46
250207123312,-0.46,9.653,0.46
250207123312,-0.46,9.653,0.46
250207123312,-0.46,9.653,0.46
250207123312,-0.46,9.806,0.46
250207123312,-0.46,9.806,0.46
250207123312,-0.46,9.653,0.46
250207123312,-0.46,9.653,0.306
250207123312,-0.46,9.806,0.306
250207123312,-0.306,9.653,0.46
250207123312,-0.306,9.653,0.306
250207123312,-0.46,9.653,0.306
250207123312,-0.46,9.653,0.306
250207123312,-0.306,9.653,0.46
250207123312,-0.46,9.806,0.46
250207123312,-0.46,9.653,0.46
250207123312,-0.46,9.653,0.306
250207123312,-0.46,9.653,0.46
250207123312,-0.46,9.653,0.46
250207123312,-0.306,9.653,0.306
250207123312,-0.46,9.806,0.306
250207123313,-0.46,9.806,0.306
250207123313,-0.613,9.653,0.46
250207123313,-0.46,9.806,0.46
250207123313,-0.306,9.653,0.46
250207123313,-0.613,9.653,0.46
250207123313,-0.46,9.806,0.46
250207123313,-0.46,9.806,0.46
250207123313,-0.46,9.653,0.46
250207123313,-0.46,9.806,0.46
250207123313,-0.46,9.806,0.306
250207123313,-0.46,9.653,0.46
250207123313,-0.46,9.806,0.46
250207123313,-0.46,9.653,0.46
250207123313,-0.46,9.653,0.46
250207123313,-0.306,9.806,0.46
250207123313,-0.46,9.653,0.306
250207123313,-0.306,9.653,0.306
250207123313,-0.46,9.653,0.306
250207123313,-0.46,9.499,0.46
250207123313,-0.306,9.653,0.306
250207123313,-0.46,9.959,0.306
250207123313,-0.46,9.653,0.46
250207123313,-0.613,9.653,0.306
250207123313,-0.46,9.653,0.46
250207123314,-0.306,9.806,0.46
250207123314,-0.306,9.653,0.46
250207123314,-0.46,9.806,0.306
250207123314,-0.46,9.806,0.46
250207123314,-0.46,9.653,0.46
250207123314,-0.46,9.806,0.46
250207123314,-0.46,9.806,0.306
250207123314,-0.46,9.653,0.46
250207123314,-0.306,9.653,0.46
250207123314,-0.46,9.653,0.306
250207123314,-0.46,9.806,0.306
250207123314,-0.46,9.959,0.306
250207123314,-0.306,9.653,0.46
250207123314,-0.306,9.806,0.306
250207123314,-0.46,9.653,0.46
250207123314,-0.306,9.653,0.306
250207123314,-0.46,9.653,0.46
250207123314,-0.46,9.806,0.306
250207123314,-0.46,9.653,0.46
250207123314,-0.46,9.806,0.306
250207123314,-0.46,9.653,0.306
250207123314,-0.46,9.806,0.306
250207123314,-0.613,9.806,0.306
250207123315,-0.46,9.653,0.153
250207123315,-0.46,9.806,0.306
250207123315,-0.46,9.806,0.46
250207123315,-0.46,9.806,0.46
250207123315,-0.46,9.653,0.46
250207123315,-0.46,9.806,0.46
250207123315,-0.46,9.806,0.306
250207123315,-0.46,9.806,0.306
250207123315,-0.46,9.653,0.46
250207123315,-0.306,9.806,0.306
250207123315,-0.46,9.806,0.153
250207123315,-0.46,9.806,0.46
250207123315,-0.46,9.806,0.46
250207123315,-0.46,9.653,0.46
250207123315,-0.46,9.806,0.306
250207123315,-0.46,9.959,0.153
250207123315,-0.46,9.806,0.46
250207123315,-0.46,9.653,0.306
250207123315,-0.46,9.653,0.46
250207123315,-0.46,9.653,0.306
250207123315,-0.306,9.653,0.306
250207123315,-0.46,9.806,0.306
250207123315,-0.46,9.653,0.46
250207123316,-0.46,9.806,0.46
250207123316,-0.46,9.653,0.306
250207123316,-0.46,9.806,0.306
250207123316,-0.46,9.653,0.306
250207123316,-0.46,9.806,0.46
250207123316,-0.306,9.806,0.306
250207123316,-0.306,9.653,0.613
250207123316,-0.46,9.806,0.46
250207123316,-0.306,9.653,0.46
250207123316,-0.46,9.806,0.306
250207123316,-0.46,9.806,0.306
250207123316,-0.46,9.806,0.306
250207123316,-0.46,9.806,0.153
250207123316,-0.306,9.806,0.306
250207123316,-0.46,9.806,0.306
250207123316,-0.46,9.653,0.46
250207123316,-0.46,9.806,0.306
250207123316,-0.306,9.653,0.306
250207123316,-0.613,9.806,0.153
250207123316,-0.46,9.653,0.46
250207123316,-0.306,9.806,0.46
250207123316,-0.46,9.806,0.46
250207123316,-0.46,9.806,0.306
250207123316,-0.46,9.806,0.306
250207123317,-0.46,9.499,0.46
250207123317,-0.46,9.806,0.306
250207123317,-0.46,9.653,0.46
250207123317,-0.46,9.653,0.46
250207123317,-0.306,9.653,0.46
250207123317,-0.306,9.806,0.306
250207123317,-0.46,9.806,0.46
250207123317,-0.306,9.499,0.306
250207123317,-0.46,9.653,0.46
250207123317,-0.46,9.806,0.306
250207123317,-0.306,9.499,0.46
250207123317,-0.46,9.653,0.46
250207123317,-0.306,9.653,0.306
250207123317,-0.306,9.653,0.306
250207123317,-0.46,9.806,0.306
250207123317,-0.46,9.653,0.46
250207123317,-0.46,9.806,0.46
250207123317,-0.46,9.653,0.46
250207123317,-0.46,9.806,0.153
250207123317,-0.46,9.806,0.46
250207123317,-0.46,9.653,0.306
250207123317,-0.46,9.806,0.306
250207123317,-0.46,9.499,0.46
250207123318,-0.613,9.806,0.46
250207123318,-0.306,9.806,0.46
250207123318,-0.306,9.806,0.46
250207123318,-0.46,9.806,0.306
250207123318,-0.306,9.806,0.306
250207123318,-0.46,9.653,0.306
250207123318,-0.306,9.653,0.46
250207123318,-0.46,9.653,0.46
250207123318,-0.306,9.806,0.306
250207123318,-0.46,9.653,0.46
250207123318,-0.46,9.806,0.46
250207123318,-0.46,9.806,0.306
250207123318,-0.306,9.806,0.306
250207123318,-0.46,9.653,0.306
250207123318,-0.306,9.806,0.306
250207123318,-0.46,9.806,0.306
250207123318,-0.46,9.653,0.306
250207123318,-0.306,9.806,0.306
250207123318,-0.46,9.806,0.46
250207123318,-0.46,9.806,0.306
250207123318,-0.46,9.806,0.153
250207123318,-0.46,9.653,0.306
250207123318,-0.46,9.653,0.46
250207123319,-0.46,9.806,0.306
250207123319,-0.46,9.653,0.306
250207123319,-0.46,9.806,0.46
250207123319,-0.306,9.653,0.46
250207123319,-0.46,9.806,0.46
250207123319,-0.46,9.653,0.46
250207123319,-0.46,9.806,0.306
250207123319,-0.46,9.806,0.306
250207123319,-0.46,9.806,0.306
250207123319,-0.46,9.653,0.46
250207123319,-0.46,9.806,0.306
250207123319,-0.46,9.806,0.46
250207123319,-0.46,9.653,0.306
250207123319,-0.46,9.806,0.46
250207123319,-0.46,9.653,0.46
250207123319,-0.46,9.653,0.46
250207123319,-0.46,9.653,0.306
250207123319,-0.306,9.653,0.306
250207123319,-0.306,9.653,0.46
250207123319,-0.46,9.806,0.306
250207123319,-0.46,9.653,0.306
250207123319,-0.46,9.653,0.306
250207123319,-0.46,9.653,0.46
250207123319,-0.306,9.806,0.46
250207123320,-0.46,9.653,0.306
250207123320,-0.46,9.806,0.306
250207123320,-0.46,9.806,0.46
250207123320,-0.46,9.806,0.46
250207123320,-0.46,9.653,0.46
250207123320,-0.46,9.806,0.306
250207123320,-0.46,9.806,0.306
250207123320,-0.46,9.806,0.46
250207123320,-0.46,9.806,0.46
250207123320,-0.46,9.806,0.46
250207123320,-0.46,9.806,0.306
250207123320,-0.46,9.806,0.46
250207123320,-0.306,9.653,0.46
250207123320,-0.46,9.653,0.46
250207123320,-0.46,9.653,0.46
250207123320,-0.46,9.499,0.306
250207123320,-0.46,9.653,0.306
250207123320,-0.46,9.806,0.306
250207123320,-0.46,9.806,0.46
250207123320,-0.46,9.806,0.306
250207123320,-0.46,9.806,0.46
250207123320,-0.306,9.653,0.46
250207123320,-0.46,9.653,0.46
250207123321,-0.46,9.806,0.306
250207123321,-0.46,9.653,0.46
250207123321,-0.46,9.806,0.306
250207123321,-0.306,9.806,0.46
250207123321,-0.306,9.806,0.46
250207123321,-0.46,9.653,0.46
250207123321,-0.46,9.806,0.306
250207123321,-0.306,9.806,0.306
250207123321,-0.46,9.653,0.306
250207123321,-0.306,9.806,0.46
250207123321,-0.306,9.653,0.46
250207123321,-0.46,9.653,0.46
250207123321,-0.46,9.806,0.46
250207123321,-0.46,9.653,0.306
250207123321,-0.613,9.806,0.306
250207123321,-0.306,9.806,0.306
250207123321,-0.46,9.653,0.306
250207123321,-0.46,9.653,0.306
250207123321,-0.46,9.653,0.306
250207123321,-0.306,9.806,0.46
250207123321,-0.306,9.806,0.46
250207123321,-0.306,9.653,0.306
250207123321,-0.46,9.806,0.306
250207123322,-0.306,9.653,0.46
250207123322,-0.46,9.806,0.306
250207123322,-0.306,9.806,0.306
250207123322,-0.46,9.806,0.306
250207123322,-0.46,9.806,0.306
250207123322,-0.46,9.653,0.46
250207123322,-0.46,9.806,0.306
250207123322,-0.46,9.806,0.46
250207123322,-0.46,9.806,0.306
250207123322,-0.46,9.653,0.306
250207123322,-0.46,9.806,0.46
250207123322,-0.306,9.806,0.306
250207123322,-0.306,9.806,0.306
250207123322,-0.46,9.806,0.306
250207123322,-0.306,9.499,0.46
250207123322,-0.46,9.653,0.46
250207123322,-0.46,9.653,0.46
250207123322,-0.46,9.806,0.46
250207123322,-0.46,9.653,0.46
250207123322,-0.46,9.806,0.306
250207123322,-0.46,9.653,0.306
250207123322,-0.46,9.806,0.306
250207123322,-0.46,9.806,0.306
250207123322,-0.46,9.806,0.306
250207123323,-0.46,9.806,0.46
250207123323,-0.306,9.653,0.46
250207123323,-0.46,9.653,0.46
250207123314,-0.46,9.806,0.306
250207123314,-0.46,9.806,0.46
250207123314,-0.46,9.653,0.46
250207123314,-0.46,9.806,0.46
250207123314,-0.46,9.806,0.306
250207123314,-0.46,9.653,0.46
250207123314,-0.306,9.653,0.46
250207123314,-0.46,9.653,0.306
250207123314,-0.46,9.806,0.306
250207123314,-0.46,9.959,0.306
250207123314,-0.306,9.653,0.46
250207123314,-0.306,9.806,0.306
250207123314,-0.46,9.653,0.46
250207123314,-0.306,9.653,0.306
250207123314,-0.46,9.653,0.46
250207123314,-0.46,9.806,0.306
250207123314,-0.46,9.653,0.46
250207123314,-0.46,9.806,0.306
250207123314,-0.46,9.653,0.306
250207123314,-0.46,9.806,0.306
250207123314,-0.613,9.806,0.306
250207123315,-0.46,9.653,0.153
250207123315,-0.46,9.806,0.306
250207123315,-0.46,9.806,0.46
250207123315,-0.46,9.806,0.46
250207123315,-0.46,9.653,0.46
250207123315,-0.46,9.806,0.46
250207123315,-0.46,9.806,0.306
250207123315,-0.46,9.806,0.306
250207123315,-0.46,9.653,0.46
250207123315,-0.306,9.806,0.306
250207123315,-0.46,9.806,0.153
250207123315,-0.46,9.806,0.46
250207123315,-0.46,9.806,0.46
250207123315,-0.46,9.653,0.46
250207123315,-0.46,9.806,0.306
250207123315,-0.46,9.959,0.153
250207123315,-0.46,9.806,0.46
250207123315,-0.46,9.653,0.306
250207123315,-0.46,9.653,0.46
250207123315,-0.46,9.653,0.306
250207123315,-0.306,9.653,0.306
250207123315,-0.46,9.806,0.306
250207123315,-0.46,9.653,0.46
250207123316,-0.46,9.806,0.46
250207123316,-0.46,9.653,0.306
250207123316,-0.46,9.806,0.306
250207123316,-0.46,9.653,0.306
250207123316,-0.46,9.806,0.46
250207123316,-0.306,9.806,0.306
250207123316,-0.306,9.653,0.613
250207123316,-0.46,9.806,0.46
250207123316,-0.306,9.653,0.46
250207123316,-0.46,9.806,0.306
250207123316,-0.46,9.806,0.306
250207123316,-0.46,9.806,0.306
250207123316,-0.46,9.806,0.153
250207123316,-0.306,9.806,0.306
250207123316,-0.46,9.806,0.306
250207123316,-0.46,9.653,0.46
250207123316,-0.46,9.806,0.306
250207123316,-0.306,9.653,0.306
250207123316,-0.613,9.806,0.153
250207123316,-0.46,9.653,0.46
250207123316,-0.306,9.806,0.46
250207123316,-0.46,9.806,0.46
250207123316,-0.46,9.806,0.306
250207123316,-0.46,9.806,0.306
250207123317,-0.46,9.499,0.46
250207123317,-0.46,9.806,0.306
250207123317,-0.46,9.653,0.46
250207123317,-0.46,9.653,0.46
250207123317,-0.306,9.653,0.46
250207123317,-0.306,9.806,0.306
250207123317,-0.46,9.806,0.46
250207123317,-0.306,9.499,0.306
250207123317,-0.46,9.653,0.46
250207123317,-0.46,9.806,0.306
250207123317,-0.306,9.499,0.46
250207123317,-0.46,9.653,0.46
250207123317,-0.306,9.653,0.306
250207123317,-0.306,9.653,0.306
250207123317,-0.46,9.806,0.306
250207123317,-0.46,9.653,0.46
250207123317,-0.46,9.806,0.46
250207123317,-0.46,9.653,0.46
250207123317,-0.46,9.806,0.153
250207123317,-0.46,9.806,0.46
250207123317,-0.46,9.653,0.306
250207123317,-0.46,9.806,0.306
250207123317,-0.46,9.499,0.46
250207123318,-0.613,9.806,0.46
250207123318,-0.306,9.806,0.46
250207123318,-0.306,9.806,0.46
250207123318,-0.46,9.806,0.306
250207123318,-0.306,9.806,0.306
250207123318,-0.46,9.653,0.306
250207123318,-0.306,9.653,0.46
250207123318,-0.46,9.653,0.46
250207123318,-0.306,9.806,0.306
250207123318,-0.46,9.653,0.46
250207123318,-0.46,9.806,0.46
250207123318,-0.46,9.806,0.306
250207123318,-0.306,9.806,0.306
250207123318,-0.46,9.653,0.306
250207123318,-0.306,9.806,0.306
250207123318,-0.46,9.806,0.306
250207123318,-0.46,9.653,0.306
250207123318,-0.306,9.806,0.306
250207123318,-0.46,9.806,0.46
250207123318,-0.46,9.806,0.306
250207123318,-0.46,9.806,0.153
250207123318,-0.46,9.653,0.306
250207123318,-0.46,9.653,0.46
250207123319,-0.46,9.806,0.306
250207123319,-0.46,9.653,0.306
250207123319,-0.46,9.806,0.46
250207123319,-0.306,9.653,0.46
250207123319,-0.46,9.806,0.46
250207123319,-0.46,9.653,0.46
250207123319,-0.46,9.806,0.306
250207123319,-0.46,9.806,0.306
250207123319,-0.46,9.806,0.306
250207123319,-0.46,9.653,0.46
250207123319,-0.46,9.806,0.306
250207123319,-0.46,9.806,0.46
250207123319,-0.46,9.653,0.306
250207123319,-0.46,9.806,0.46
250207123319,-0.46,9.653,0.46
250207123319,-0.46,9.653,0.46
250207123319,-0.46,9.653,0.306
250207123319,-0.306,9.653,0.306
250207123319,-0.306,9.653,0.46
250207123319,-0.46,9.806,0.306
250207123319,-0.46,9.653,0.306
250207123319,-0.46,9.653,0.306
250207123319,-0.46,9.653,0.46
250207123319,-0.306,9.806,0.46
250207123320,-0.46,9.653,0.306
250207123320,-0.46,9.806,0.306
250207123320,-0.46,9.806,0.46
250207123320,-0.46,9.806,0.46
250207123320,-0.46,9.653,0.46
250207123320,-0.46,9.806,0.306
250207123320,-0.46,9.806,0.306
250207123320,-0.46,9.806,0.46
250207123320,-0.46,9.806,0.46
250207123320,-0.46,9.806,0.46
250207123320,-0.46,9.806,0.306
250207123320,-0.46,9.806,0.46
250207123320,-0.306,9.653,0.46
250207123320,-0.46,9.653,0.46
250207123320,-0.46,9.653,0.46
250207123320,-0.46,9.499,0.306
250207123320,-0.46,9.653,0.306
250207123320,-0.46,9.806,0.306
250207123320,-0.46,9.806,0.46
250207123320,-0.46,9.806,0.306
250207123320,-0.46,9.806,0.46
250207123320,-0.306,9.653,0.46
250207123320,-0.46,9.653,0.46
250207123321,-0.46,9.806,0.306
250207123321,-0.46,9.653,0.46
250207123321,-0.46,9.806,0.306
250207123321,-0.306,9.806,0.46
250207123321,-0.306,9.806,0.46
250207123321,-0.46,9.653,0.46
250207123321,-0.46,9.806,0.306
250207123321,-0.306,9.806,0.306
250207123321,-0.46,9.653,0.306
250207123321,-0.306,9.806,0.46
250207123321,-0.306,9.653,0.46
250207123321,-0.46,9.653,0.46
250207123321,-0.46,9.806,0.46
250207123321,-0.46,9.653,0.306
250207123321,-0.613,9.806,0.306
250207123321,-0.306,9.806,0.306
250207123321,-0.46,9.653,0.306
250207123321,-0.46,9.653,0.306
250207123321,-0.46,9.653,0.306
250207123321,-0.306,9.806,0.46
250207123321,-0.306,9.806,0.46
250207123321,-0.306,9.653,0.306
250207123321,-0.46,9.806,0.306
250207123322,-0.306,9.653,0.46
250207123322,-0.46,9.806,0.306
250207123322,-0.306,9.806,0.306
250207123322,-0.46,9.806,0.306
250207123322,-0.46,9.806,0.306
250207123322,-0.46,9.653,0.46
250207123322,-0.46,9.806,0.306
250207123322,-0.46,9.806,0.46
250207123322,-0.46,9.806,0.306
250207123322,-0.46,9.653,0.306
250207123322,-0.46,9.806,0.46
250207123322,-0.306,9.806,0.306
250207123322,-0.306,9.806,0.306
250207123322,-0.46,9.806,0.306
250207123322,-0.306,9.499,0.46
250207123322,-0.46,9.653,0.46
250207123322,-0.46,9.653,0.46
250207123322,-0.46,9.806,0.46
250207123322,-0.46,9.653,0.46
250207123322,-0.46,9.806,0.306
250207123322,-0.46,9.653,0.306
250207123322,-0.46,9.806,0.306
250207123322,-0.46,9.806,0.306
250207123322,-0.46,9.806,0.306
250207123323,-0.46,9.806,0.46
250207123323,-0.306,9.653,0.46
250207123323,-0.46,9.653,0.46
250207123323,-0.46,9.806,0.306
250207123323,-0.46,9.806,0.306
250207123323,-0.46,9.806,0.46
250207123323,-0.46,9.806,0.46
250207123323,-0.306,9.653,0.46
250207123323,-0.46,9.806,0.306
250207123323,-0.46,9.806,0.306
250207123323,-0.46,9.806,0.46
250207123323,-0.46,9.806,0.46
250207123323,-0.46,9.653,0.46
250207123323,-0.306,9.806,0.46
250207123323,-0.306,9.653,0.46
250207123323,-0.306,9.806,0.306
250207123323,-0.46,9.806,0.306
250207123323,-0.306,9.653,0.46
250207123323,-0.46,9.806,0.306
250207123323,-0.46,9.653,0.46
250207123323,-0.46,9.653,0.46
250207123323,-0.46,9.653,0.46
250207123323,-0.46,9.806,0.306
250207123324,-0.46,9.653,0.46
250207123324,-0.306,9.653,0.46
250207123324,-0.46,9.806,0.306
250207123324,-0.46,9.806,0.153
250207123324,-0.306,9.653,0.306
250207123324,-0.46,9.806,0.306
250207123324,-0.46,9.653,0.306
250207123324,-0.46,9.653,0.46
250207123324,-0.306,9.653,0.46
250207123324,-0.46,9.653,0.306
250207123324,-0.46,9.806,0.46
250207123324,-0.46,9.806,0.306
250207123324,-0.306,9.653,0.46
250207123324,-0.46,9.806,0.153
250207123324,-0.46,9.806,0.306
250207123324,-0.306,9.806,0.46
250207123324,-0.306,9.806,0.306
250207123324,-0.613,9.653,0.46
250207123324,-0.306,9.806,0.306
250207123324,-0.46,9.653,0.46
250207123324,-0.46,9.806,0.306
250207123324,-0.306,9.653,0.306
250207123324,-0.46,9.653,0.46
250207123325,-0.46,9.806,0.306
250207123325,-0.613,9.653,0.306
250207123325,-0.306,9.806,0.306
250207123325,-0.306,9.806,0.306
250207123325,-0.46,9.653,0.306
250207123325,-0.46,9.653,0.306
250207123325,-0.46,9.806,0.306
250207123325,-0.46,9.806,0.46
250207123325,-0.306,9.653,0.306
250207123325,-0.46,9.653,0.46
250207123325,-0.46,9.806,0.306
250207123325,-0.46,9.653,0.306
250207123325,-0.46,9.653,0.306
250207123325,-0.306,9.806,0.306
250207123325,-0.46,9.653,0.46
250207123325,-0.306,9.653,0.46
250207123325,-0.306,9.806,0.46
250207123325,-0.46,9.806,0.306
250207123325,-0.306,9.806,0.46
250207123325,-0.306,9.653,0.46
250207123325,-0.46,9.653,0.306
250207123325,-0.306,9.806,0.46
250207123325,-0.46,9.653,0.306
250207123325,-0.306,9.806,0.46
250207123326,-0.306,9.806,0.46
250207123326,-0.46,9.806,0.306
250207123326,-0.46,9.806,0.46
250207123326,-0.46,9.806,0.306
250207123326,-0.46,9.653,0.46
250207123326,-0.46,9.806,0.46
250207123326,-0.306,9.653,0.46
250207123326,-0.46,9.806,0.46
250207123326,-0.46,9.806,0.46
250207123326,-0.46,9.653,0.306
250207123326,-0.46,9.653,0.306
250207123326,-0.46,9.806,0.306
250207123326,-0.46,9.959,0.306
250207123326,-0.306,9.653,0.306
250207123326,-0.46,9.806,0.306
250207123326,-0.46,9.806,0.306
250207123326,-0.46,9.653,0.46
250207123326,-0.46,9.653,0.46
250207123326,-0.613,9.806,0.46
250207123326,-0.46,9.653,0.46
250207123326,-0.46,9.806,0.306
250207123326,-0.306,9.806,0.46
250207123326,-0.46,9.806,0.46
250207123327,-0.46,9.806,0.46
250207123327,-0.46,9.499,0.306
250207123327,-0.306,9.806,0.46
250207123327,-0.46,9.806,0.46
250207123327,-0.46,9.653,0.46
250207123327,-0.306,9.806,0.306
250207123327,-0.306,9.806,0.306
250207123327,-0.46,9.653,0.46
250207123327,-0.613,9.806,0.306
250207123327,-0.306,9.959,0.46
250207123327,-0.46,9.653,0.613
250207123327,-0.46,9.653,0.46
250207123327,-0.46,9.806,0.46
250207123327,-0.306,9.806,0.306
250207123327,-0.46,9.806,0.46
250207123327,-0.306,9.806,0.46
250207123327,-0.46,9.653,0.306
250207123327,-0.46,9.806,0.306
250207123327,-0.613,9.806,0.306
250207123327,-0.46,9.653,0.306
250207123327,-0.46,9.806,0.46
250207123327,-0.306,9.806,0.46
250207123327,-0.46,9.653,0.46
250207123328,-0.613,9.653,0.306
250207123328,-0.46,9.653,0.46
250207123328,-0.46,9.653,0.306
250207123328,-0.306,9.806,0.153
250207123328,-0.46,9.653,0.306
250207123328,-0.46,9.653,0.613
250207123328,-0.46,9.806,0.46
250207123328,-0.46,9.653,0.306
250207123328,-0.46,9.653,0.46
250207123328,-0.46,9.653,0.306
250207123328,-0.613,9.806,0.46
250207123328,-0.306,9.806,0.46
250207123328,-0.46,9.806,0.306
250207123328,-0.46,9.806,0.306
250207123328,-0.46,9.653,0.306
250207123328,-0.46,9.806,0.46
250207123328,-0.306,9.653,0.46
250207123328,-0.46,9.806,0.306
250207123328,-0.46,9.653,0.153
250207123328,-0.46,9.653,0.46
250207123328,-0.46,9.653,0.46
250207123328,-0.306,9.653,0.46
250207123328,-0.306,9.653,0.46
250207123329,-0.306,9.806,0.306
250207123329,-0.46,9.806,0.306
250207123329,-0.46,9.653,0.46
250207123329,-0.46,9.959,0.46
250207123329,-0.306,9.806,0.46
250207123329,-0.46,9.653,0.46
250207123329,-0.613,9.653,0.46
250207123329,-0.46,9.653,0.306
250207123329,-0.46,9.653,0.46
250207123329,-0.46,9.806,0.46
250207123329,-0.46,9.806,0.46
250207123329,-0.306,9.806,0.306
250207123329,-0.46,9.806,0.46
250207123329,-0.306,9.806,0.306
250207123329,-0.46,9.499,0.46
250207123329,-0.46,9.806,0.306
250207123329,-0.46,9.653,0.46
250207123329,-0.306,9.806,0.306
250207123329,-0.46,9.806,0.306
250207123329,-0.306,9.806,0.306
250207123329,-0.46,9.806,0.46
250207123329,-0.306,9.653,0.306
250207123329,-0.46,9.806,0.46
250207123329,-0.306,9.806,0.306
250207123330,-0.46,9.806,0.306
250207123330,-0.46,9.806,0.306
250207123330,-0.46,9.653,0.306
250207123330,-0.46,9.806,0.153
250207123330,-0.613,9.806,0.46
250207123330,-0.46,9.806,0.306
250207123330,-0.46,9.806,0.306
250207123330,-0.46,9.959,0.306
250207123330,-0.306,9.806,0.46
250207123330,-0.46,9.806,0.306
250207123330,-0.46,9.806,0.46
250207123330,-0.613,9.806,0.306
250207123330,-0.613,9.653,0.306
250207123330,-0.306,9.653,0.306
250207123330,-0.46,9.653,0.306
250207123330,-0.306,9.653,0.613
250207123330,-0.306,9.653,0.306
250207123330,-0.46,9.653,0.306
250207123330,-0.46,9.806,0.46
250207123330,-0.46,9.653,0.306
250207123330,-0.46,9.806,0.306
250207123330,-0.46,9.653,0.306
250207123330,-0.46,9.806,0.306
250207123331,-0.46,9.806,0.306
250207123331,-0.46,9.653,0.46
250207123331,-0.306,9.653,0.46
250207123331,-0.46,9.653,0.306
250207123331,-0.46,9.806,0.46
250207123331,-0.46,9.806,0.306
250207123331,-0.306,9.806,0.46
250207123331,-0.46,9.653,0.46
250207123331,-0.46,9.806,0.306
250207123331,-0.46,9.806,0.46
250207123331,-0.306,9.806,0.306
250207123331,-0.46,9.499,0.46
250207123331,-0.46,9.806,0.153
250207123331,-0.306,9.806,0.46
250207123331,-0.46,9.806,0.306
250207123331,-0.306,9.653,0.306
250207123331,-0.46,9.806,0.306
250207123331,-0.46,9.806,0.306
250207123331,-0.613,9.653,0.46
250207123331,-0.46,9.653,0.46
250207123331,-0.46,9.653,0.306
250207123331,-0.46,9.806,0.306
250207123331,-0.46,9.806,0.46
250207123332,-0.306,9.653,0.46
250207123332,-0.46,9.806,0.46
250207123332,-0.306,9.653,0.306
250207123332,-0.46,9.653,0.306
250207123332,-0.306,9.653,0.46
250207123332,-0.46,9.806,0.46
250207123332,-0.46,9.653,0.46
250207123332,-0.46,9.806,0.46
250207123332,-0.46,9.806,0.46
250207123332,-0.46,9.653,0.46
250207123332,-0.46,9.806,0.306
250207123332,-0.46,9.806,0.46
250207123332,-0.306,9.653,0.306
250207123332,-0.46,9.806,0.306
250207123332,-0.46,9.959,0.306
250207123332,-0.46,9.806,0.306
250207123332,-0.46,9.806,0.306
250207123332,-0.306,9.653,0.46
250207123332,-0.46,9.653,0.306
250207123332,-0.46,9.653,0.46
250207123332,-0.46,9.499,0.46
250207123332,-0.46,9.653,0.46
250207123332,-0.46,9.653,0.306
250207123332,-0.613,9.806,0.306
250207123333,-0.306,9.653,0.46
250207123333,-0.46,9.653,0.46
250207123333,-0.306,9.806,0.46
250207123333,-0.46,9.653,0.46
250207123333,-0.46,9.653,0.306
250207123333,-0.306,9.653,0.153
250207123333,-0.46,9.806,0.306
250207123333,-0.46,9.653,0.46
250207123333,-0.306,9.806,0.46
250207123333,-0.46,9.653,0.306
250207123333,-0.46,9.653,0.306
250207123333,-0.306,9.653,0.306
250207123333,-0.46,9.653,0.46
250207123333,-0.46,9.653,0.46
250207123333,-0.46,9.806,0.306
250207123333,-0.46,9.653,0.46
250207123333,-0.46,9.653,0.46
250207123333,-0.306,9.653,0.46
250207123333,-0.613,9.806,0.46
250207123333,-0.46,9.806,0.306
250207123333,-0.306,9.653,0.46
250207123333,-0.46,9.806,0.306
250207123333,-0.46,9.653,0.46
250207123334,-0.46,9.806,0.46
250207123334,-0.46,9.653,0.306
250207123334,-0.306,9.653,0.46
250207123334,-0.46,9.806,0.46
250207123334,-0.46,9.653,0.46
250207123334,-0.46,9.653,0.306
250207123334,-0.46,9.653,0.46
250207123334,-0.46,9.806,0.306
250207123334,-0.306,9.806,0.46
250207123334,-0.46,9.806,0.306
250207123334,-0.46,9.653,0.306
250207123334,-0.306,9.653,0.306
250207123334,-0.46,9.806,0.306
250207123334,-0.46,9.806,0.46
250207123334,-0.613,9.806,0.306
250207123334,-0.306,9.806,0.613
250207123334,-0.46,9.653,0.306
250207123334,-0.46,9.653,0.306
250207123334,-0.46,9.653,0.46
250207123334,-0.46,9.806,0.46
250207123334,-0.46,9.653,0.46
250207123334,-0.46,9.653,0.46
250207123334,-0.306,9.806,0.306
250207123335,-0.46,9.653,0.46
250207123335,-0.306,9.806,0.46
250207123335,-0.46,9.653,0.306
250207123335,-0.46,9.653,0.306
250207123335,-0.46,9.806,0.306
250207123335,-0.46,9.653,0.306
250207123335,-0.46,9.653,0.306
250207123335,-0.46,9.806,0.306
250207123335,-0.46,9.653,0.306
250207123335,-0.306,9.806,0.306
250207123335,-0.306,9.653,0.46
250207123335,-0.46,9.806,0.306
250207123335,-0.46,9.806,0.306
250207123335,-0.46,9.806,0.306
250207123335,-0.46,9.653,0.306
250207123335,-0.46,9.653,0.46
250207123335,-0.46,9.806,0.306
250207123335,-0.46,9.806,0.46
250207123335,-0.306,9.653,0.46
250207123335,-0.46,9.806,0.46
250207123335,-0.46,9.806,0.306
250207123335,-0.46,9.806,0.46
250207123335,-0.46,9.653,0.46
250207123335,-0.46,9.806,0.306
250207123336,-0.46,9.806,0.46
250207123336,-0.46,9.653,0.46
250207123336,-0.306,9.806,0.306
250207123336,-0.306,9.653,0.306
250207123336,-0.46,9.653,0.46
250207123336,-0.46,9.806,0.46
250207123336,-0.613,9.653,0.46
250207123336,-0.306,9.653,0.46
250207123336,-0.46,9.653,0.306
250207123336,-0.306,9.806,0.46
250207123336,-0.46,9.806,0.306
250207123336,-0.46,9.806,0.46
250207123336,-0.46,9.653,0.46
250207123336,-0.306,9.653,0.306
250207123336,-0.46,9.653,0.306
250207123336,-0.306,9.653,0.306
250207123336,-0.46,9.653,0.306
250207123336,-0.306,9.653,0.46
250207123336,-0.306,9.653,0.46
250207123336,-0.306,9.653,0.46
250207123336,-0.46,9.806,0.46
250207123336,-0.46,9.806,0.306
250207123336,-0.46,9.806,0.306
250207123337,-0.46,9.806,0.46
250207123337,-0.46,9.653,0.46
250207123337,-0.46,9.653,0.46
250207123337,-0.306,9.806,0.46
250207123337,-0.306,9.653,0.306
250207123337,-0.46,9.653,0.46
250207123337,-0.613,9.653,0.46
250207123337,-0.46,9.653,0.46
250207123337,-0.46,9.806,0.306
250207123337,-0.46,9.806,0.46
250207123337,-0.306,9.806,0.306
250207123337,-0.46,9.653,0.306
250207123337,-0.46,9.806,0.46
250207123337,-0.46,9.806,0.306
250207123337,-0.46,9.653,0.306
250207123337,-0.46,9.653,0.46
250207123337,-0.46,9.653,0.46
250207123337,-0.306,9.653,0.46
250207123337,-0.306,9.653,0.306
250207123337,-0.306,9.653,0.46
250207123337,-0.46,9.806,0.46
250207123337,-0.46,9.806,0.46
250207123337,-0.306,9.806,0.306
250207123338,-0.306,9.653,0.46
250207123338,-0.46,9.806,0.306
250207123338,-0.306,9.653,0.46
250207123338,-0.46,9.653,0.46
250207123338,-0.306,9.806,0.46
250207123338,-0.46,9.806,0.306
250207123338,-0.306,9.806,0.46
250207123338,-0.46,9.806,0.46
250207123338,-0.46,9.806,0.46
250207123338,-0.46,9.806,0.46
250207123338,-0.306,9.653,0.306
250207123338,-0.306,9.653,0.306
250207123338,-0.46,9.806,0.306
250207123338,-0.46,9.653,0.306
250207123338,-0.46,9.806,0.306
250207123338,-0.306,9.653,0.613
250207123338,-0.306,9.653,0.46
250207123338,-0.306,9.653,0.46
250207123338,-0.46,9.806,0.306
250207123338,-0.46,9.806,0.306
250207123338,-0.306,9.653,0.46
250207123338,-0.46,9.806,0.46
250207123338,-0.613,9.806,0.306
250207123338,-0.46,9.653,0.46
250207123339,-0.46,9.653,0.46
250207123339,-0.46,9.653,0.46
250207123339,-0.306,9.806,0.46
250207123339,-0.46,9.653,0.46
250207123339,-0.46,9.653,0.46
250207123339,-0.306,9.653,0.46
250207123339,-0.46,9.806,0.46
250207123339,-0.46,9.653,0.306
250207123339,-0.306,9.653,0.306
250207123339,-0.46,9.806,0.306
250207123339,-0.46,9.959,0.46
250207123339,-0.46,9.806,0.306
250207123339,-0.306,9.653,0.306
250207123339,-0.46,9.653,0.306
250207123339,-0.46,9.806,0.306
250207123339,-0.306,9.806,0.306
250207123339,-0.46,9.806,0.306
250207123339,-0.46,9.806,0.306
250207123339,-0.306,9.653,0.46
250207123339,-0.306,9.806,0.306
250207123339,-0.306,9.806,0.46
250207123339,-0.46,9.653,0.613
250207123339,-0.306,9.653,0.46
250207123340,-0.46,9.653,0.46
250207123340,-0.306,9.806,0.46
250207123340,-0.46,9.653,0.306
250207123340,-0.46,9.653,0.306
250207123340,-0.306,9.653,0.46
250207123340,-0.46,9.806,0.306
250207123340,-0.306,9.806,0.306
250207123340,-0.46,9.806,0.46
250207123340,-0.46,9.806,0.46
250207123340,-0.46,9.806,0.306
250207123340,-0.613,9.653,0.46
250207123340,-0.46,9.653,0.46
250207123340,-0.46,9.653,0.46
250207123340,-0.306,9.806,0.306
250207123340,-0.46,9.653,0.613
250207123340,-0.46,9.806,0.46
250207123340,-0.306,9.653,0.46
250207123340,-0.46,9.653,0.306
250207123340,-0.46,9.806,0.306
250207123340,-0.306,9.653,0.46
250207123340,-0.306,9.806,0.306
250207123340,-0.46,9.653,0.46
250207123340,-0.46,9.806,0.46
250207123341,-0.46,9.806,0.46
250207123341,-0.46,9.653,0.306
250207123341,-0.46,9.653,0.46
250207123341,-0.306,9.806,0.306
250207123341,-0.613,9.653,0.153
250207123341,-0.46,9.653,0.306
250207123341,-0.306,9.806,0.46
250207123341,-0.46,9.653,0.46
250207123341,-0.306,9.653,0.46
250207123341,-0.46,9.806,0.306
250207123341,-0.46,9.806,0.306
250207123341,-0.46,9.806,0.46
250207123341,-0.306,9.653,0.306
250207123341,-0.306,9.806,0.46
250207123341,-0.46,9.806,0.306
250207123341,-0.46,9.806,0.306
250207123341,-0.46,9.653,0.613
250207123341,-0.46,9.806,0.46
250207123341,-0.46,9.806,0.306
250207123341,-0.46,9.806,0.306
250207123341,-0.613,9.653,0.46
250207123341,-0.46,9.653,0.46
250207123341,-0.46,9.806,0.306
250207123341,-0.46,9.806,0.46
250207123342,-0.153,9.806,0.46
250207123342,-0.46,9.806,0.46
250207123342,-0.306,9.653,0.46
250207123342,-0.46,9.653,0.46
250207123342,-0.46,9.806,0.306
250207123342,-0.306,9.806,0.46
250207123342,-0.46,9.806,0.306
250207123342,-0.46,9.806,0.306
250207123342,-0.306,9.806,0.306
250207123342,-0.306,9.806,0.306
250207123342,-0.46,9.806,0.46
250207123342,-0.46,9.653,0.46
250207123342,-0.306,9.806,0.306
250207123342,-0.46,9.806,0.306
250207123342,-0.46,9.653,0.46
250207123342,-0.46,9.806,0.46
250207123342,-0.46,9.653,0.46
250207123342,-0.46,9.653,0.46
250207123342,-0.46,9.806,0.46
250207123342,-0.46,9.653,0.46
250207123342,-0.46,9.653,0.46
250207123342,-0.46,9.806,0.46
250207123342,-0.46,9.806,0.306
250207123343,-0.46,9.806,0.306
250207123343,-0.46,9.653,0.46
250207123343,-0.46,9.806,0.306
250207123343,-0.46,9.653,0.46
250207123343,-0.46,9.806,0.46
250207123343,-0.46,9.806,0.306
250207123343,-0.46,9.806,0.46
250207123343,-0.46,9.806,0.306
